Driver,LapNumber,LapTimeSeconds,Sector1TimeSeconds,Sector2TimeSeconds,Sector3TimeSeconds,Compound,TyreLife,Stint,Team,TrackStatus,PitOutTime,PitInTime,Deleted,IsAccurate
VER,1.0,,,46.454,27.668,SOFT,1.0,1.0,Red Bull Racing,1,0 days 00:20:10.428000,,,False
VER,2.0,90.031,28.787,38.58,22.664,SOFT,2.0,1.0,Red Bull Racing,1,,,,True
VER,3.0,128.726,37.524,56.168,35.034,SOFT,3.0,1.0,Red Bull Racing,1,,0 days 00:25:58.003000,,False
VER,4.0,,,46.144,29.156,SOFT,4.0,2.0,Red Bull Racing,1,0 days 00:29:18.091000,,,False
VER,5.0,90.16,28.822,38.767,22.571,SOFT,5.0,2.0,Red Bull Racing,1,,,,True
VER,6.0,102.855,32.8,42.21,27.845,SOFT,6.0,2.0,Red Bull Racing,1,,0 days 00:34:21.124000,,False
VER,7.0,,,47.747,26.83,SOFT,1.0,3.0,Red Bull Racing,1,0 days 00:41:42.542000,,,False
VER,8.0,89.374,28.509,38.387,22.478,SOFT,2.0,3.0,Red Bull Racing,1,,,,True
VER,9.0,116.873,35.265,49.962,31.646,SOFT,3.0,3.0,Red Bull Racing,1,,0 days 00:47:05.349000,,False
VER,10.0,,,46.574,24.652,SOFT,4.0,4.0,Red Bull Racing,1,0 days 00:50:08.844000,,,False
VER,11.0,97.787,28.759,39.048,29.98,SOFT,5.0,4.0,Red Bull Racing,1,,0 days 00:53:52.588000,,False
VER,12.0,,,47.589,24.603,SOFT,1.0,5.0,Red Bull Racing,1,0 days 01:02:05.966000,,,False
VER,13.0,89.421,28.686,38.361,22.374,SOFT,2.0,5.0,Red Bull Racing,1,,,,True
VER,14.0,112.745,33.465,48.172,31.108,SOFT,3.0,5.0,Red Bull Racing,1,,0 days 01:07:14.256000,,False
VER,15.0,,,46.277,32.772,SOFT,1.0,6.0,Red Bull Racing,1,0 days 01:10:42.410000,,,False
VER,16.0,89.179,28.535,38.269,22.375,SOFT,2.0,6.0,Red Bull Racing,1,,,,True
VER,17.0,119.683,36.239,46.101,37.343,SOFT,3.0,6.0,Red Bull Racing,1,,0 days 01:16:00.132000,,False
LEC,1.0,,,45.475,27.582,MEDIUM,1.0,1.0,Ferrari,1,0 days 00:13:41.044000,,,False
LEC,2.0,91.26,29.522,39.009,22.729,MEDIUM,2.0,1.0,Ferrari,1,,,,True
LEC,3.0,111.926,35.914,47.096,28.916,MEDIUM,3.0,1.0,Ferrari,1,,0 days 00:18:58.523000,,False
LEC,4.0,,,48.77,25.253,SOFT,1.0,2.0,Ferrari,1,0 days 00:21:11.035000,,,False
LEC,5.0,90.243,29.067,38.589,22.587,SOFT,2.0,2.0,Ferrari,1,,,,True
LEC,6.0,108.538,34.753,45.574,28.211,SOFT,3.0,2.0,Ferrari,1,,0 days 00:26:33.322000,,False
LEC,7.0,,,48.255,36.81,SOFT,1.0,3.0,Ferrari,1,0 days 00:29:02.879000,0 days 00:31:08.803000,,False
LEC,8.0,,,45.134,26.521,SOFT,4.0,4.0,Ferrari,1,0 days 00:41:13.333000,,,False
LEC,9.0,90.094,29.014,38.507,22.573,SOFT,5.0,4.0,Ferrari,1,,,,True
LEC,10.0,107.23,33.625,45.185,28.42,SOFT,6.0,4.0,Ferrari,1,,0 days 00:46:42.798000,,False
LEC,11.0,,,45.592,24.639,SOFT,1.0,5.0,Ferrari,1,0 days 00:49:52.962000,,,False
LEC,12.0,89.165,28.843,38.059,22.263,SOFT,2.0,5.0,Ferrari,1,,,,True
LEC,13.0,122.605,41.811,49.624,31.17,SOFT,3.0,5.0,Ferrari,1,,0 days 00:55:33.277000,,False
LEC,14.0,,,45.904,27.873,SOFT,2.0,6.0,Ferrari,1,0 days 01:02:43.837000,,,False
LEC,15.0,89.48,28.863,38.344,22.273,SOFT,3.0,6.0,Ferrari,1,,,,True
LEC,16.0,111.69,34.342,48.3,29.048,SOFT,4.0,6.0,Ferrari,1,,0 days 01:07:56.760000,,False
LEC,17.0,,,48.935,24.126,SOFT,1.0,7.0,Ferrari,1,0 days 01:10:53.342000,,,False
LEC,18.0,89.407,28.762,38.276,22.369,SOFT,2.0,7.0,Ferrari,1,,,,True
LEC,19.0,121.348,36.26,50.534,34.554,SOFT,3.0,7.0,Ferrari,1,,0 days 01:16:16.156000,,False
RUS,1.0,,,45.788,25.669,SOFT,1.0,1.0,Mercedes,1,0 days 00:20:18.012000,,,False
RUS,2.0,90.35,29.102,38.727,22.521,SOFT,2.0,1.0,Mercedes,1,,,,True
RUS,3.0,124.72,37.691,56.706,30.323,SOFT,3.0,1.0,Mercedes,1,,0 days 00:26:03.705000,,False
RUS,4.0,,,54.988,25.9,SOFT,4.0,2.0,Mercedes,1,0 days 00:28:38.660000,,,False
RUS,5.0,129.967,32.611,62.636,34.72,SOFT,5.0,2.0,Mercedes,1,,0 days 00:33:01.938000,,False
RUS,6.0,,,48.233,24.479,SOFT,6.0,3.0,Mercedes,1,0 days 00:42:09.968000,,,False
RUS,7.0,90.698,29.246,38.861,22.591,SOFT,7.0,3.0,Mercedes,1,,,,True
RUS,8.0,107.025,33.93,44.906,28.189,SOFT,8.0,3.0,Mercedes,1,,0 days 00:47:14.818000,,False
RUS,9.0,,,47.078,25.916,SOFT,1.0,4.0,Mercedes,1,0 days 00:51:02.181000,,,False
RUS,10.0,89.922,28.954,38.61,22.358,SOFT,2.0,4.0,Mercedes,1,,,,True
RUS,11.0,126.521,41.213,54.698,30.61,SOFT,3.0,4.0,Mercedes,1,,0 days 00:56:23.333000,,False
RUS,12.0,,,47.574,24.362,SOFT,1.0,5.0,Mercedes,1,0 days 01:01:57.461000,,,False
RUS,13.0,89.603,28.8,38.503,22.3,SOFT,2.0,5.0,Mercedes,1,,,,True
RUS,14.0,125.43,41.092,52.716,31.622,SOFT,3.0,5.0,Mercedes,1,,0 days 01:07:16.211000,,False
RUS,15.0,,,53.496,25.689,SOFT,1.0,6.0,Mercedes,1,0 days 01:10:22.992000,,,False
RUS,16.0,89.485,28.8,38.421,22.264,SOFT,2.0,6.0,Mercedes,1,,,,True
RUS,17.0,129.274,40.797,52.497,35.98,SOFT,3.0,6.0,Mercedes,1,,0 days 01:15:53.668000,,False
SAI,1.0,,,47.556,25.067,MEDIUM,1.0,1.0,Ferrari,1,0 days 00:13:35.553000,,,False
SAI,2.0,91.208,29.76,38.878,22.57,MEDIUM,2.0,1.0,Ferrari,1,,,,True
SAI,3.0,119.562,39.616,47.992,31.954,MEDIUM,3.0,1.0,Ferrari,1,,0 days 00:18:54.679000,,False
SAI,4.0,,,54.987,27.33,SOFT,1.0,2.0,Ferrari,1,0 days 00:21:23.836000,,,False
SAI,5.0,89.909,29.008,38.409,22.492,SOFT,2.0,2.0,Ferrari,1,,,,True
SAI,6.0,108.457,34.862,44.86,28.735,SOFT,3.0,2.0,Ferrari,1,,0 days 00:26:53.466000,,False
SAI,7.0,,,46.242,25.436,SOFT,4.0,3.0,Ferrari,1,0 days 00:41:06.894000,,,False
SAI,8.0,90.425,29.068,38.827,22.53,SOFT,5.0,3.0,Ferrari,1,,,,True
SAI,9.0,108.846,35.563,44.951,28.332,SOFT,6.0,3.0,Ferrari,1,,0 days 00:46:32.933000,,False
SAI,10.0,,,49.607,26.368,SOFT,1.0,4.0,Ferrari,1,0 days 00:49:38.083000,,,False
SAI,11.0,89.573,28.89,38.346,22.337,SOFT,2.0,4.0,Ferrari,1,,,,True
SAI,12.0,112.447,35.913,46.71,29.824,SOFT,3.0,4.0,Ferrari,1,,0 days 00:54:54.854000,,False
SAI,13.0,,,50.338,25.832,SOFT,1.0,5.0,Ferrari,1,0 days 01:02:33.313000,,,False
SAI,14.0,89.608,28.851,38.404,22.353,SOFT,2.0,5.0,Ferrari,1,,,,True
SAI,15.0,115.236,38.689,48.202,28.345,SOFT,3.0,5.0,Ferrari,1,,0 days 01:07:51.412000,,False
SAI,16.0,,,49.508,28.162,SOFT,1.0,6.0,Ferrari,1,0 days 01:11:00.478000,,,False
SAI,17.0,89.507,28.85,38.298,22.359,SOFT,2.0,6.0,Ferrari,1,,,,True
SAI,18.0,,39.684,48.776,,SOFT,3.0,6.0,Ferrari,1,,0 days 01:16:25.835000,,False
PER,1.0,,,48.747,26.338,SOFT,1.0,1.0,Red Bull Racing,1,0 days 00:21:03.353000,,,False
PER,2.0,90.221,28.939,38.598,22.684,SOFT,2.0,1.0,Red Bull Racing,1,,,,True
PER,3.0,122.063,38.556,48.745,34.762,SOFT,3.0,1.0,Red Bull Racing,1,,0 days 00:26:22.548000,,False
PER,4.0,,,47.284,26.461,SOFT,4.0,2.0,Red Bull Racing,1,0 days 00:29:32.274000,,,False
PER,5.0,90.5,28.924,38.874,22.702,SOFT,5.0,2.0,Red Bull Racing,1,,,,True
PER,6.0,113.606,34.091,48.098,31.417,SOFT,6.0,2.0,Red Bull Racing,1,,0 days 00:34:43.003000,,False
PER,7.0,,,49.922,23.767,SOFT,1.0,3.0,Red Bull Racing,1,0 days 00:41:52.081000,,,False
PER,8.0,89.932,28.738,38.653,22.541,SOFT,2.0,3.0,Red Bull Racing,1,,,,True
PER,9.0,112.254,34.415,47.29,30.549,SOFT,3.0,3.0,Red Bull Racing,1,,0 days 00:47:08.433000,,False
PER,10.0,,,54.543,26.012,SOFT,1.0,4.0,Red Bull Racing,1,0 days 00:50:33.540000,,,False
PER,11.0,127.938,30.903,61.54,35.495,SOFT,2.0,4.0,Red Bull Racing,1,,0 days 00:54:42.589000,,False
PER,12.0,,,45.62,24.184,SOFT,3.0,5.0,Red Bull Racing,1,0 days 01:02:24.220000,,,False
PER,13.0,90.03,28.817,38.687,22.526,SOFT,4.0,5.0,Red Bull Racing,1,,,,True
PER,14.0,107.564,34.635,43.669,29.26,SOFT,5.0,5.0,Red Bull Racing,1,,0 days 01:07:27.775000,,False
PER,15.0,,,48.308,28.392,SOFT,1.0,6.0,Red Bull Racing,1,0 days 01:11:12.697000,,,False
PER,16.0,89.537,28.804,38.323,22.41,SOFT,2.0,6.0,Red Bull Racing,1,,,,True
PER,17.0,,38.36,46.567,,SOFT,3.0,6.0,Red Bull Racing,1,,0 days 01:16:31.161000,,False
ALO,1.0,,,48.015,27.619,SOFT,1.0,1.0,Aston Martin,1,0 days 00:20:01.788000,,,False
ALO,2.0,90.179,28.889,38.697,22.593,SOFT,2.0,1.0,Aston Martin,1,,,,True
ALO,3.0,124.55,39.063,51.3,34.187,SOFT,3.0,1.0,Aston Martin,1,,0 days 00:25:46.161000,,False
ALO,4.0,,,49.12,29.725,SOFT,4.0,2.0,Aston Martin,1,0 days 00:28:47.532000,,,False
ALO,5.0,113.925,29.759,53.053,31.113,SOFT,5.0,2.0,Aston Martin,1,,0 days 00:32:52.991000,,False
ALO,6.0,,,47.342,25.285,SOFT,1.0,3.0,Aston Martin,1,0 days 00:40:48.201000,,,False
ALO,7.0,90.136,29.088,38.642,22.406,SOFT,2.0,3.0,Aston Martin,1,,,,True
ALO,8.0,119.624,37.937,49.946,31.741,SOFT,3.0,3.0,Aston Martin,1,,0 days 00:46:29.908000,,False
ALO,9.0,,,46.504,25.216,SOFT,1.0,4.0,Aston Martin,1,0 days 00:49:33.072000,,,False
ALO,10.0,89.801,28.909,38.518,22.374,SOFT,2.0,4.0,Aston Martin,1,,,,True
ALO,11.0,121.157,39.358,49.707,32.092,SOFT,3.0,4.0,Aston Martin,1,,0 days 00:55:21.903000,,False
ALO,12.0,,,45.996,24.49,SOFT,1.0,5.0,Aston Martin,1,0 days 01:07:01.795000,,,False
ALO,13.0,89.542,28.83,38.236,22.476,SOFT,2.0,5.0,Aston Martin,1,,,,True
ALO,14.0,127.513,38.476,55.003,34.034,SOFT,3.0,5.0,Aston Martin,1,,0 days 01:12:21.004000,,False
NOR,1.0,,,43.864,27.269,SOFT,1.0,1.0,McLaren,1,0 days 00:19:56.860000,,,False
NOR,2.0,90.143,28.983,38.576,22.584,SOFT,2.0,1.0,McLaren,1,,,,True
NOR,3.0,115.89,33.252,49.788,32.85,SOFT,3.0,1.0,McLaren,1,,0 days 00:25:19.957000,,False
NOR,4.0,,,48.26,28.269,SOFT,1.0,2.0,McLaren,1,0 days 00:29:20.063000,0 days 00:31:18.635000,,False
NOR,5.0,,,43.985,28.967,SOFT,2.0,3.0,McLaren,1,0 days 00:40:21.179000,,,False
NOR,6.0,89.941,28.836,38.585,22.52,SOFT,3.0,3.0,McLaren,1,,,,True
NOR,7.0,114.087,35.726,50.8,27.561,SOFT,4.0,3.0,McLaren,1,,0 days 00:45:44.438000,,False
NOR,8.0,,,48.122,31.472,SOFT,1.0,4.0,McLaren,1,0 days 00:50:51.174000,,,False
NOR,9.0,116.053,38.578,45.069,32.406,SOFT,2.0,4.0,McLaren,1,,0 days 00:54:43.342000,,False
NOR,10.0,,,47.79,25.375,SOFT,3.0,5.0,McLaren,1,0 days 01:01:40.158000,,,False
NOR,11.0,89.679,29.006,38.307,22.366,SOFT,4.0,5.0,McLaren,1,,,,True
NOR,12.0,106.285,33.576,44.655,28.054,SOFT,5.0,5.0,McLaren,1,,0 days 01:06:41.061000,,False
NOR,13.0,,,46.807,25.258,SOFT,1.0,6.0,McLaren,1,0 days 01:09:25.292000,,,False
NOR,14.0,89.614,29.045,38.207,22.362,SOFT,2.0,6.0,McLaren,1,,,,True
NOR,15.0,,36.272,53.196,,SOFT,3.0,6.0,McLaren,1,,0 days 01:14:44.879000,,False
PIA,1.0,,,45.667,26.001,SOFT,1.0,1.0,McLaren,1,0 days 00:19:27.664000,,,False
PIA,2.0,90.692,29.243,38.78,22.669,SOFT,2.0,1.0,McLaren,1,,,,True
PIA,3.0,116.38,38.202,49.234,28.944,SOFT,3.0,1.0,McLaren,1,,0 days 00:25:04.192000,,False
PIA,4.0,,,46.47,27.067,SOFT,1.0,2.0,McLaren,1,0 days 00:27:20.608000,,,False
PIA,5.0,90.531,29.243,38.791,22.497,SOFT,2.0,2.0,McLaren,1,,,,True
PIA,6.0,117.365,36.953,47.442,32.97,SOFT,3.0,2.0,McLaren,1,,0 days 00:32:44.522000,,False
PIA,7.0,,,44.228,32.145,SOFT,4.0,3.0,McLaren,1,0 days 00:40:12.589000,,,False
PIA,8.0,90.624,29.082,38.889,22.653,SOFT,5.0,3.0,McLaren,1,,,,True
PIA,9.0,112.289,37.888,46.92,27.481,SOFT,6.0,3.0,McLaren,1,,0 days 00:45:36.111000,,False
PIA,10.0,,,44.131,33.151,SOFT,1.0,4.0,McLaren,1,0 days 00:48:57.098000,,,False
PIA,11.0,90.122,28.955,38.692,22.475,SOFT,2.0,4.0,McLaren,1,,,,True
PIA,12.0,117.278,38.968,49.908,28.402,SOFT,3.0,4.0,McLaren,1,,0 days 00:54:25.235000,,False
PIA,13.0,,,44.632,27.297,SOFT,4.0,5.0,McLaren,1,0 days 01:01:44.015000,,,False
PIA,14.0,90.651,29.162,38.852,22.637,SOFT,5.0,5.0,McLaren,1,,,,True
PIA,15.0,108.367,34.927,45.525,27.915,SOFT,6.0,5.0,McLaren,1,,0 days 01:06:51.446000,,False
PIA,16.0,,,44.639,25.281,SOFT,1.0,6.0,McLaren,1,0 days 01:09:20.550000,,,False
PIA,17.0,89.683,28.901,38.343,22.439,SOFT,2.0,6.0,McLaren,1,,,,True
PIA,18.0,,37.4,50.281,,SOFT,3.0,6.0,McLaren,1,,0 days 01:14:32.473000,,False
HAM,1.0,,,47.806,24.448,SOFT,1.0,1.0,Mercedes,1,0 days 00:20:32.001000,,,False
HAM,2.0,90.806,29.108,38.989,22.709,SOFT,2.0,1.0,Mercedes,1,,,,True
HAM,3.0,115.826,33.728,50.012,32.086,SOFT,3.0,1.0,Mercedes,1,,0 days 00:26:07.505000,,False
HAM,4.0,,,45.75,24.349,SOFT,1.0,2.0,Mercedes,1,0 days 00:28:24.371000,,,False
HAM,5.0,90.451,29.019,38.894,22.538,SOFT,2.0,2.0,Mercedes,1,,,,True
HAM,6.0,115.724,36.484,49.879,29.361,SOFT,3.0,2.0,Mercedes,1,,0 days 00:33:57.155000,,False
HAM,7.0,,,48.025,24.507,SOFT,4.0,3.0,Mercedes,1,0 days 00:42:15.093000,,,False
HAM,8.0,90.363,29.029,38.777,22.557,SOFT,5.0,3.0,Mercedes,1,,,,True
HAM,9.0,104.321,32.453,44.893,26.975,SOFT,6.0,3.0,Mercedes,1,,0 days 00:47:20.828000,,False
HAM,10.0,,,48.69,26.238,SOFT,1.0,4.0,Mercedes,1,0 days 00:51:07.143000,,,False
HAM,11.0,89.718,28.803,38.546,22.369,SOFT,2.0,4.0,Mercedes,1,,,,True
HAM,12.0,119.366,34.993,51.379,32.994,SOFT,3.0,4.0,Mercedes,1,,0 days 00:56:24.763000,,False
HAM,13.0,,,48.711,24.317,SOFT,4.0,5.0,Mercedes,1,0 days 01:02:13.449000,,,False
HAM,14.0,90.445,29.175,38.747,22.523,SOFT,5.0,5.0,Mercedes,1,,,,True
HAM,15.0,107.151,31.473,43.467,32.211,SOFT,6.0,5.0,Mercedes,1,,0 days 01:07:21.617000,,False
HAM,16.0,,,51.747,27.434,SOFT,1.0,6.0,Mercedes,1,0 days 01:10:30.862000,,,False
HAM,17.0,89.71,28.881,38.422,22.407,SOFT,2.0,6.0,Mercedes,1,,,,True
HAM,18.0,,37.881,53.351,,SOFT,3.0,6.0,Mercedes,1,,0 days 01:15:58.456000,,False
HUL,1.0,,,48.928,26.416,SOFT,1.0,1.0,Haas F1 Team,1,0 days 00:18:50.296000,,,False
HUL,2.0,90.623,29.042,38.854,22.727,SOFT,2.0,1.0,Haas F1 Team,1,,,,True
HUL,3.0,115.586,34.158,48.597,32.831,SOFT,3.0,1.0,Haas F1 Team,1,,0 days 00:24:19.982000,,False
HUL,4.0,,,47.691,26.402,SOFT,1.0,2.0,Haas F1 Team,1,0 days 00:27:22.202000,,,False
HUL,5.0,90.566,28.838,39.143,22.585,SOFT,2.0,2.0,Haas F1 Team,1,,,,True
HUL,6.0,111.635,36.406,45.997,29.232,SOFT,3.0,2.0,Haas F1 Team,1,,0 days 00:32:46.124000,,False
HUL,7.0,,,49.637,25.331,SOFT,4.0,3.0,Haas F1 Team,1,0 days 00:40:08.632000,,,False
HUL,8.0,90.997,29.225,39.153,22.619,SOFT,5.0,3.0,Haas F1 Team,1,,,,True
HUL,9.0,111.641,36.944,43.363,31.334,SOFT,6.0,3.0,Haas F1 Team,1,,0 days 00:45:21.470000,,False
HUL,10.0,,,49.831,25.007,SOFT,1.0,4.0,Haas F1 Team,1,0 days 00:48:52.181000,,,False
HUL,11.0,89.851,28.834,38.636,22.381,SOFT,2.0,4.0,Haas F1 Team,1,,,,True
HUL,12.0,112.113,35.436,46.37,30.307,SOFT,3.0,4.0,Haas F1 Team,1,,0 days 00:54:02.306000,,False
HUL,13.0,,,47.639,24.745,SOFT,4.0,5.0,Haas F1 Team,1,0 days 01:01:29.416000,,,False
HUL,14.0,90.502,29.028,38.891,22.583,SOFT,5.0,5.0,Haas F1 Team,1,,,,True
HUL,15.0,105.117,32.159,44.009,28.949,SOFT,6.0,5.0,Haas F1 Team,1,,0 days 01:06:32.220000,,False
HUL,16.0,,,48.91,25.467,SOFT,4.0,6.0,Haas F1 Team,1,0 days 01:09:30.873000,,,False
HUL,17.0,90.616,28.993,38.89,22.733,SOFT,5.0,6.0,Haas F1 Team,1,,,,True
HUL,18.0,,37.472,44.906,,SOFT,6.0,6.0,Haas F1 Team,1,,0 days 01:14:49.594000,,False
TSU,1.0,,,48.905,24.356,SOFT,1.0,1.0,RB,1,0 days 00:18:55.119000,,,False
TSU,2.0,90.881,29.187,38.867,22.827,SOFT,2.0,1.0,RB,1,,,,True
TSU,3.0,111.134,34.461,46.36,30.313,SOFT,3.0,1.0,RB,1,,0 days 00:24:35.794000,,False
TSU,4.0,,,47.659,24.159,SOFT,1.0,2.0,RB,1,0 days 00:27:39.507000,,,False
TSU,5.0,90.481,28.941,38.875,22.665,SOFT,2.0,2.0,RB,1,,,,True
TSU,6.0,114.23,33.683,50.438,30.109,SOFT,3.0,2.0,RB,1,,0 days 00:33:26.367000,,False
TSU,7.0,,,48.116,24.195,SOFT,4.0,3.0,RB,1,0 days 00:40:42.952000,,,False
TSU,8.0,91.102,29.154,39.16,22.788,SOFT,5.0,3.0,RB,1,,,,True
TSU,9.0,103.233,31.919,43.365,27.949,SOFT,6.0,3.0,RB,1,,0 days 00:46:05.306000,,False
TSU,10.0,,,46.009,27.719,SOFT,1.0,4.0,RB,1,0 days 00:49:22.658000,,,False
TSU,11.0,90.129,28.821,38.727,22.581,SOFT,2.0,4.0,RB,1,,,,True
TSU,12.0,115.713,35.311,49.463,30.939,SOFT,3.0,4.0,RB,1,,0 days 00:55:06.829000,,False
STR,1.0,,,45.14,27.25,SOFT,1.0,1.0,Aston Martin,1,0 days 00:19:40.594000,,,False
STR,2.0,90.864,29.108,39.008,22.748,SOFT,2.0,1.0,Aston Martin,1,,,,True
STR,3.0,108.264,36.159,44.069,28.036,SOFT,3.0,1.0,Aston Martin,1,,0 days 00:25:06.495000,,False
STR,4.0,,,42.84,29.058,SOFT,1.0,2.0,Aston Martin,1,0 days 00:28:01.155000,,,False
STR,5.0,89.965,28.651,38.609,22.705,SOFT,2.0,2.0,Aston Martin,1,,,,True
STR,6.0,117.189,33.523,47.22,36.446,SOFT,3.0,2.0,Aston Martin,1,,0 days 00:33:46.834000,,False
STR,7.0,,,43.702,29.041,SOFT,4.0,3.0,Aston Martin,1,0 days 00:40:32.754000,,,False
STR,8.0,90.982,29.211,38.977,22.794,SOFT,5.0,3.0,Aston Martin,1,,,,True
STR,9.0,107.744,35.456,43.412,28.876,SOFT,6.0,3.0,Aston Martin,1,,0 days 00:45:49.968000,,False
STR,10.0,,,42.013,32.128,SOFT,1.0,4.0,Aston Martin,1,0 days 00:49:09.909000,,,False
STR,11.0,90.2,28.65,38.856,22.694,SOFT,2.0,4.0,Aston Martin,1,,,,True
STR,12.0,125.006,41.453,44.843,38.71,SOFT,3.0,4.0,Aston Martin,1,,0 days 00:54:50.561000,,False
ALB,1.0,,,46.355,24.463,SOFT,1.0,1.0,Williams,1,0 days 00:18:47.261000,,,False
ALB,2.0,90.692,29.194,38.75,22.748,SOFT,2.0,1.0,Williams,1,,,,True
ALB,3.0,116.649,37.77,50.928,27.951,SOFT,3.0,1.0,Williams,1,,0 days 00:24:07.349000,,False
ALB,4.0,,,46.575,24.349,SOFT,1.0,2.0,Williams,1,0 days 00:27:29.735000,,,False
ALB,5.0,90.397,28.858,38.875,22.664,SOFT,2.0,2.0,Williams,1,,,,True
ALB,6.0,124.142,46.998,48.145,28.999,SOFT,3.0,2.0,Williams,1,,0 days 00:33:15.706000,,False
ALB,7.0,,,47.195,25.71,SOFT,4.0,3.0,Williams,1,0 days 00:40:53.790000,,,False
ALB,8.0,91.152,29.293,39.179,22.68,SOFT,5.0,3.0,Williams,1,,,,True
ALB,9.0,106.67,33.995,45.551,27.124,SOFT,6.0,3.0,Williams,1,,0 days 00:46:24.835000,,False
ALB,10.0,,,45.996,24.64,SOFT,1.0,4.0,Williams,1,0 days 00:48:59.610000,,,False
ALB,11.0,90.221,28.866,38.802,22.553,SOFT,2.0,4.0,Williams,1,,,,True
ALB,12.0,127.201,41.1,54.001,32.1,SOFT,3.0,4.0,Williams,1,,0 days 00:54:37.737000,,False
RIC,1.0,,,48.339,25.556,SOFT,1.0,1.0,RB,1,0 days 00:18:48.152000,,,False
RIC,2.0,91.025,29.205,38.898,22.922,SOFT,2.0,1.0,RB,1,,,,True
RIC,3.0,112.409,34.549,48.524,29.336,SOFT,3.0,1.0,RB,1,,0 days 00:24:10.933000,,False
RIC,4.0,,,45.501,29.302,SOFT,1.0,2.0,RB,1,0 days 00:27:43.614000,,,False
RIC,5.0,90.562,29.074,38.807,22.681,SOFT,2.0,2.0,RB,1,,,,True
RIC,6.0,111.968,33.282,46.651,32.035,SOFT,3.0,2.0,RB,1,,0 days 00:33:32.998000,,False
RIC,7.0,,,47.328,24.855,SOFT,4.0,3.0,RB,1,0 days 00:40:39.094000,,,False
RIC,8.0,91.126,29.116,39.236,22.774,SOFT,5.0,3.0,RB,1,,,,True
RIC,9.0,108.368,33.733,45.848,28.787,SOFT,6.0,3.0,RB,1,,0 days 00:45:59.902000,,False
RIC,10.0,,,45.228,27.044,SOFT,1.0,4.0,RB,1,0 days 00:49:16.265000,,,False
RIC,11.0,90.278,28.884,38.802,22.592,SOFT,2.0,4.0,RB,1,,,,True
RIC,12.0,116.019,38.754,45.268,31.997,SOFT,3.0,4.0,RB,1,,0 days 00:54:48.625000,,False
MAG,1.0,,,46.383,28.571,SOFT,1.0,1.0,Haas F1 Team,1,0 days 00:19:04.819000,,,False
MAG,2.0,91.252,29.196,39.255,22.801,SOFT,2.0,1.0,Haas F1 Team,1,,,,True
MAG,3.0,103.574,33.565,41.594,28.415,SOFT,3.0,1.0,Haas F1 Team,1,,0 days 00:24:41.694000,,False
MAG,4.0,,,46.503,29.49,SOFT,1.0,2.0,Haas F1 Team,1,0 days 00:27:27.162000,,,False
MAG,5.0,90.646,29.037,38.952,22.657,SOFT,2.0,2.0,Haas F1 Team,1,,,,True
MAG,6.0,124.061,46.115,50.082,27.864,SOFT,3.0,2.0,Haas F1 Team,1,,0 days 00:33:10.863000,,False
MAG,7.0,,,51.031,25.897,SOFT,4.0,3.0,Haas F1 Team,1,0 days 00:40:10.491000,,,False
MAG,8.0,91.17,29.221,39.235,22.714,SOFT,5.0,3.0,Haas F1 Team,1,,,,True
MAG,9.0,106.691,33.752,46.436,26.503,SOFT,6.0,3.0,Haas F1 Team,1,,0 days 00:45:24.369000,,False
MAG,10.0,,,47.961,29.011,SOFT,1.0,4.0,Haas F1 Team,1,0 days 00:48:53.956000,,,False
MAG,11.0,90.529,28.884,38.976,22.669,SOFT,2.0,4.0,Haas F1 Team,1,,,,True
MAG,12.0,107.834,34.747,43.571,29.516,SOFT,3.0,4.0,Haas F1 Team,1,,0 days 00:54:08.009000,,False
BOT,1.0,,,44.769,26.874,SOFT,1.0,1.0,Kick Sauber,1,0 days 00:19:16.916000,,,False
BOT,2.0,91.077,29.146,39.106,22.825,SOFT,2.0,1.0,Kick Sauber,1,,,,True
BOT,3.0,112.534,33.41,49.951,29.173,SOFT,3.0,1.0,Kick Sauber,1,,0 days 00:24:54.158000,,False
BOT,4.0,,,45.71,26.363,SOFT,1.0,2.0,Kick Sauber,1,0 days 00:27:23.715000,,,False
BOT,5.0,90.756,29.063,39.025,22.668,SOFT,2.0,2.0,Kick Sauber,1,,,,True
BOT,6.0,126.222,42.878,50.788,32.556,SOFT,3.0,2.0,Kick Sauber,1,,0 days 00:33:04.116000,,False
ZHO,1.0,,,49.077,26.279,SOFT,1.0,1.0,Kick Sauber,1,0 days 00:18:59.081000,,,False
ZHO,2.0,91.075,29.265,39.152,22.658,SOFT,2.0,1.0,Kick Sauber,1,,,,True
ZHO,3.0,108.821,36.169,44.494,28.158,SOFT,3.0,1.0,Kick Sauber,1,,0 days 00:24:40.642000,,False
ZHO,4.0,,,48.583,26.974,SOFT,1.0,2.0,Kick Sauber,1,0 days 00:27:18.325000,,,False
ZHO,5.0,90.757,29.154,38.944,22.659,SOFT,2.0,2.0,Kick Sauber,1,,,,True
ZHO,6.0,117.631,36.491,49.711,31.429,SOFT,3.0,2.0,Kick Sauber,1,,0 days 00:32:37.219000,,False
SAR,1.0,,,44.475,31.183,SOFT,1.0,1.0,Williams,1,0 days 00:18:51.509000,,,False
SAR,2.0,90.77,28.991,39.119,22.66,SOFT,2.0,1.0,Williams,1,,,,True
SAR,3.0,114.6,39.206,48.244,27.15,SOFT,3.0,1.0,Williams,1,,0 days 00:24:29.656000,,False
SAR,4.0,,,44.229,26.53,SOFT,1.0,2.0,Williams,1,0 days 00:27:33.841000,,,False
SAR,5.0,91.128,29.174,39.207,22.747,SOFT,2.0,2.0,Williams,1,,,,True
SAR,6.0,119.862,40.877,48.328,30.657,SOFT,3.0,2.0,Williams,1,,0 days 00:33:18.541000,,False
OCO,1.0,,,48.58,25.377,MEDIUM,1.0,1.0,Alpine,1,0 days 00:13:46.438000,,,False
OCO,2.0,91.99,29.755,39.305,22.93,MEDIUM,2.0,1.0,Alpine,1,,,,True
OCO,3.0,115.505,36.823,48.908,29.774,MEDIUM,3.0,1.0,Alpine,1,,0 days 00:19:15.071000,,False
OCO,4.0,,,49.651,25.096,SOFT,1.0,2.0,Alpine,1,0 days 00:21:14.322000,,,False
OCO,5.0,91.261,29.39,38.997,22.874,SOFT,2.0,2.0,Alpine,1,,,,True
OCO,6.0,110.437,33.298,47.001,30.138,SOFT,3.0,2.0,Alpine,1,,0 days 00:26:45.537000,,False
OCO,7.0,,,50.004,30.743,SOFT,1.0,3.0,Alpine,1,0 days 00:28:56.287000,,,False
OCO,8.0,90.793,29.142,38.934,22.717,SOFT,2.0,3.0,Alpine,1,,,,True
OCO,9.0,127.493,35.271,52.885,39.337,SOFT,3.0,3.0,Alpine,1,,0 days 00:34:47.765000,,False
GAS,1.0,,,46.947,31.307,MEDIUM,1.0,1.0,Alpine,1,0 days 00:13:48.410000,,,False
GAS,2.0,92.434,29.87,39.498,23.066,MEDIUM,2.0,1.0,Alpine,1,,,,True
GAS,3.0,109.853,33.313,46.66,29.88,MEDIUM,3.0,1.0,Alpine,1,,0 days 00:19:17.026000,,False
GAS,4.0,,,47.501,29.936,SOFT,1.0,2.0,Alpine,1,0 days 00:21:42.661000,,,False
GAS,5.0,91.281,29.435,38.857,22.989,SOFT,2.0,2.0,Alpine,1,,,,True
GAS,6.0,109.747,33.152,47.092,29.503,SOFT,3.0,2.0,Alpine,1,,0 days 00:27:04.334000,,False
GAS,7.0,,,46.969,27.932,SOFT,1.0,3.0,Alpine,1,0 days 00:29:33.231000,,,False
GAS,8.0,90.948,29.148,38.971,22.829,SOFT,2.0,3.0,Alpine,1,,,,True
GAS,9.0,122.15,36.327,52.476,33.347,SOFT,3.0,3.0,Alpine,1,,0 days 00:34:54.476000,,False
